Benefícios específicos,Número de estudos
Promoção da inclusão digital,1
Democratização do desenvolvimento de software,6
Forte capacidade de raciocínio e adaptação por meio de ajuste fino em dados específicos,1
Flexibilidade de adaptação por meio de prompt engineering,1
Oferece um repositório abrangente de conhecimento de domínio devido ao pré-treinamento extensivo,1
"Capacidades Cognitivas: planejamento, raciocínio e geração de múltiplos artefatos",1
Generalização e eficiência de dados,1
Pode gerar dados sintéticos de treinamento.,1
Capacidade de lidar com textos complexos e não estruturados,1
Geração de modelos a partir de texto em linguagem natural,1